query_id,query,top_doc_1,top_doc_2,top_doc_3,rag_answer
q01,gluten free and nut free baking mixes,Pamela's Products Artisan Flour Blend,Tropical Fields Crispy Coconut Rolls with Sesame Seeds 9.3 oz,Namaste Foods Gluten Free Organic Perfect Flour Blend,"Based on the reviews, I can recommend two gluten-free baking mixes: Pamela's Products Artisan Flour Blend (Document 1) and Namaste Foods Gluten Free Organic Perfect Flour Blend (Document 3). Both have 5-star reviews and are specifically mentioned as being gluten-free. However, I couldn't find any information about them being nut-free. The Tropical Fields Crispy Coconut Rolls with Sesame Seeds (Document 2) is not a baking mix and also contains sesame seeds, which may be a concern for nut-free diets. To confirm nut-free status, more information would be needed."
q02,healthy low sodium snacks for weight loss,Spike Seasoning - Salt Free and Gluten Free - 1.9 oz,"Orchard Bars Strwberry, Raspberry & Walnut Bars, 1.4-Ounce Bar, 12-Count","Enlightened Crisp The Good for You Crisp Roasted Broad Beans, 3.5 Ounce (Pack of 6)","Based on the reviews, for healthy low-sodium snacks for weight loss, you may consider the following options:

1. Spike Seasoning - Salt Free and Gluten Free (Document 1) - This product is specifically mentioned as a good option for those watching their sodium intake.
2. Enlightened Crisp The Good for You Crisp Roasted Broad Beans (Document 3) - Although the reviewer mentions loving salty snacks, the product itself is a healthier alternative to traditional salty snacks like chips and crackers, and is packed with protein.

There is no mention of low sodium content in the review for Orchard Bars (Document 2), so it may not be the best fit for this specific criteria."
q03,best green tea for energy and focus,"V8 V-Fusion +Energy Drinks, 8 Fl Oz",Dandelion Root Tea - Raw Organic Vitamin Rich Digestive,LeCharm Ready Brew Fruit & Flowering Tea Extract Crystals Sachets - Fine Tea in 3 Seconds,"Based on the provided reviews, I couldn't find a specific green tea product that is highly recommended for energy and focus. However, the reviewer in Document 1 mentions that they love the effects of green tea, including its potential to help with energy, but didn't feel an energy boost from the V8 V-Fusion +Energy Drinks. 

The reviews don't provide enough information to recommend a specific green tea product for energy and focus. If you're looking for a green tea product, you might consider Crystal Light Green Tea, as mentioned in Document 3, but there is no review provided for this product to confirm its effectiveness for energy and focus."
q04,organic coconut oil for skin and hair care,"Nutiva Organic Virgin Coconut Oil, 15 Ounce","Viva Naturals Organic Extra Virgin Coconut Oil, 16 Ounce","Viva Naturals Organic Extra Virgin Coconut Oil, 16 Ounce","Based on the reviews, both Nutiva Organic Virgin Coconut Oil and Viva Naturals Organic Extra Virgin Coconut Oil can be used for skin and hair care. 

For skin care, reviewers from both products (Document 1: Nutiva, Document 2: Viva Naturals) mention that the coconut oil leaves their skin soft and absorbs quickly, with one reviewer using it immediately after showering (Document 1: Nutiva).

For hair care, reviewers from Viva Naturals (Document 2 and Document 3) mention using the coconut oil on their hair, with one reviewer noticing an enormous difference and another reviewer's husband experiencing relief from dry scalp and hair issues after a month of use. 

Both products have a 5-star rating, and reviewers appreciate the organic aspect and mild coconut scent."
q05,stale popcorn and poor quality food complaints,"Great Northern Popcorn Original Popcorn, 12.5 Pound","Great Northern Popcorn Original Popcorn, 12.5 Pound",Mushroom Popcorn Kernels - Just Poppin Brand,"Based on the reviews, it appears that some users have complained about the quality of popcorn, specifically mentioning hard hulls and staleness. For the Great Northern Popcorn Original Popcorn, 12.5 Pound, one user (Document 1) mentioned that the popcorn is ""old & out of date"" and has a lot of hard hulls, giving it a 1/5 star rating. In contrast, another user (Document 2) had a positive experience with the same product, giving it a 5/5 star rating and not mentioning any issues with staleness or quality.

For the Mushroom Popcorn Kernels - Just Poppin Brand, one user (Document 3) mentioned that the popcorn ""does have a lot of hulls"", but did not specifically mention staleness, giving it a 4/5 star rating.

It's worth noting that the complaints about staleness and poor quality are not universal and may be specific to certain batches or packaging of the products. If you're looking for a popcorn with minimal hulls, you may want to consider the review from Document 2, which had a positive experience with the Great Northern Popcorn Original Popcorn. However, if you're concerned about the quality, you may want to look into other products or check the packaging for any signs of staleness."
q06,sugar free peanut butter protein bars,"Jif Creamy Peanut Butter Granola Bar, 5 Ct","Jif Chocolate Nut Butter Almond Granola Bars, 5 Count Pack","Jif Chocolate Nut Butter Almond Granola Bars, 5 Count Pack","Based on the reviews, none of the Jif products mentioned are specifically labeled as ""sugar-free"" peanut butter protein bars. The reviews for Jif Creamy Peanut Butter Granola Bar and Jif Chocolate Nut Butter Almond Granola Bars mention they have a good amount of protein and satisfy hunger and sweet tooth, but they do not mention being sugar-free. Therefore, I couldn't find a suitable match for sugar-free peanut butter protein bars among these reviews."
q07,bulk rice for long term food storage,"Formosa Brand Pork Sung, 18 Oz","Nozomi Super Premium Short Grain Rice, 15-Pound",Thai Sticky Rice (Sweet Rice) 5 Lbs,"Based on the provided reviews, for bulk rice for long-term food storage, I would recommend the ""Nozomi Super Premium Short Grain Rice, 15-Pound"" (Document 2). This product has a 5-star review and is described as the reviewer's ""everyday rice"", suggesting it is a reliable and high-quality option. Additionally, the 15-pound quantity meets the user's requirement for bulk rice."
q08,variety candy bags for halloween trick or treating,Indian Candy Corn,Now and Later Strawberry -6pc (24 pack),"Skittles Original Candy, 9 ounce bag","Based on the reviews, for variety candy bags for Halloween trick-or-treating, you may want to consider the mixed Halloween candy bags mentioned in the review of Now and Later Strawberry -6pc (24 pack) (Document 2). The reviewer mentions that the candies in these bags are ""a bit tougher"" and don't stick to the wrapping paper, which could be a convenient option for trick-or-treaters. However, the actual product review is for Now and Later Strawberry, not the mixed Halloween candy bags. Unfortunately, there isn't a direct review for variety candy bags, but this mention might be helpful."
q09,easy to make cold brew iced tea for summer,"Lipton Berry Iced Herbal Tea Keurig K-Cups, 24 Count","Snapple Lemon Iced Tea K-Cup Packs, 16 Count","Torani Blackberry Syrup, 750 ml","To make easy cold brew iced tea for summer, you can consider using Lipton Berry Iced Herbal Tea Keurig K-Cups (Document 1) or Snapple Lemon Iced Tea K-Cup Packs (Document 2), as both reviewers mention they are ""great"" and ""quick and easy to prepare"". Alternatively, you can use Torani Blackberry Syrup (Document 3) to add flavor to your iced tea, as the reviewer loves it in their iced tea on a hot summer day. However, please note that these products may not be traditional cold brew iced tea, but rather convenient and easy-to-make options."
q10,soy sauce alternatives like liquid aminos,"Wholly Ganjang, Premium Gluten-free Unpasteurized Artisanal Korean Soy Sauce",Maggi Arome Saveur Depuis 1889,Coconut Secret Organic Raw Coconut Aminos Soy-Free Seasoning Sauce-8 Oz,"Based on the reviews, a soy sauce alternative like liquid aminos is Coconut Secret Organic Raw Coconut Aminos Soy-Free Seasoning Sauce (Document 3). The reviewer mentions it's ""better for you then sodium packed soy sauce"", implying it's a healthier alternative."
q11,keto friendly electrolyte powder for dehydration,Carbquik Baking Biscuit Mix,"Natural RX Supplements NON GMO Coconut Water - Raw, Natural, Wildcrafted Electrolyte Powder (8oz) FREE 2 DAY SHIPPING","TEAki Hut Instant Black Tea Powder 4 Ounce (200 Servings) | 100 Percent Pure Ground Tea No Fillers, Additives or Artificial Ingredients of Any Kind","Based on the provided reviews, the Natural RX Supplements NON GMO Coconut Water - Raw, Natural, Wildcrafted Electrolyte Powder (8oz) seems to be a suitable option for a keto-friendly electrolyte powder for dehydration. The reviewer mentions using it for backpacking and hiking, implying it helps with hydration, and also states it's a preferred alternative to sugared electrolyte drinks, which might be beneficial for a keto diet. (Reference: Document 2)"
q12,spicy korean ramen with high heat level,Sempio Hot Pepper Paste (Gochujang) 500g /1.1lb,"NongShim Shin Ramyun Noodle Soup, Gourmet Spicy, 4.2 Ounce",Vidalia Zesty Ranch Sweet Onion Petals 3.5 oz Bag (Pack of 3),"Based on the reviews, I would recommend the NongShim Shin Ramyun Noodle Soup (Document 2) for a spicy Korean ramen with a high heat level. The reviewer describes it as ""kinda spicy"", which suggests it has a notable level of heat. Additionally, the product is specifically labeled as ""Gourmet Spicy"", which further supports its potential to meet the user's request for a high heat level."
q13,natural sweeteners that don't have an aftertaste,AWAKE Chocolate - Caramel 1.55oz - 12pk,"V8 V-fusion + Plus Energy Black Cherry, 8 fl. oz. cans (Pack of 24)","SweetLeaf Sweetener (70-Count Packets), 2.5-Ounce Boxes (Pack of 3)","Based on the reviews, SweetLeaf Sweetener (Document 3) is a natural sweetener that doesn't have an aftertaste, as the reviewer mentions ""I don't have any complaints about the aftertaste."" This product uses stevia, which is described as ""TRULY ALL NATURAL (no chemicals)"" and is a zero-calorie sweetener."
q14,caffeinated chocolate covered espresso beans,Nespresso OriginalLine Roma,Kasugai Sumiyaki Coffee (3.35oz),Marley Coffee Buffalo Soldier,"Based on the provided reviews, I couldn't find any information about caffeinated chocolate-covered espresso beans. The reviews mention espresso products like Nespresso OriginalLine Roma and Marley Coffee Buffalo Soldier, but they don't specifically talk about chocolate-covered espresso beans. Additionally, Kasugai Sumiyaki Coffee review mentions coffee candy, but it's not clear if it's chocolate-covered espresso beans. I couldn't find a direct answer to your question from the given reviews."
q15,dairy free milk powder for baking,"Better Than Milk Original Vegan Rice Powder, 21.4 Ounce","Lenny & Larry's The Complete Cookie, Chocolate Chip, 4-Ounce Cookies (Pack of 12)",Happy Creamies Organic Veggie and Fruit Snacks with Coconut Milk,"Based on the provided reviews, I would recommend the ""Better Than Milk Original Vegan Rice Powder"" for dairy-free milk powder for baking. According to the review in Document 1, it ""Worked well in a recipe that called for regular powdered milk"", indicating its suitability for baking."
q16,high protein snacks for toddler lunch box,"Plum Organics Second Blends Hearty Veggie Meal, 3.5 Ounce (Pack of 12)",The Good Bean Chickpea Snacks,Veggies,"Based on the provided reviews, The Good Bean Chickpea Snacks (Document 2) are mentioned as a ""high protein snack"", which could be suitable for a toddler's lunch box. However, the reviewer mentions that the current batch has some quality issues. Plum Organics Second Blends Hearty Veggie Meal (Document 1) is also a snack option for toddlers, but its protein content is not explicitly mentioned in the review."
q17,artisanal olive oil for dipping bread,Sintonia from Madonna dell'Oliva Extra Virgin Olive Oil 2014,"Barbera Lorenzo  #3 Sicilian Extra Virgin Olive oil D.O.P. Val Di Mazara, 16.9-Ounce",Terra Creta | Award Winning | Kolymvari Estates | 100% Pure Greek Olive Oil | Cold Extracted | Protective Designation of Origin | 3Ltr - (101.6 fl.oz) Tin,"For artisanal olive oil for dipping bread, I recommend the Sintonia from Madonna dell'Oliva Extra Virgin Olive Oil 2014 (Document 1) due to its ""wonderful mild flavor"" which is specifically mentioned as being great for dipping bread with balsamic vinegar. Alternatively, the Barbera Lorenzo #3 Sicilian Extra Virgin Olive oil (Document 2) is also highly praised, but it's described as ""spicier and more grassy"", so it depends on your personal taste preference."
q18,fast acting energy gels for marathon running,"Wedderspoon 100% Raw Manuka Honey KFactor, 24 Count","PowerBar PowerGel, 1.44 Ounce  (Pack of 24)","Pure Natural Miracles Cacao Nibs. Raw, Organic and Premium Criollo Variety.","Based on the reviews, for fast-acting energy gels for marathon running, I would recommend the PowerBar PowerGel (Document 2). The reviewer mentions that it ""definitely works to give me the little boost of energy I need during a long run"" and prefers its thinner texture, making it easier to swallow while running. However, they mention that the flavor takes some getting used to. 

It's also worth noting that the reviewer in Document 1 uses Wedderspoon 100% Raw Manuka Honey as an alternative to energy gels for triathlon training, but it's not a traditional energy gel. Similarly, the reviewer in Document 3 uses Pure Natural Miracles Cacao Nibs for a energy boost before and after running, but it's not a gel. 

Therefore, if you're looking for a traditional energy gel, PowerBar PowerGel might be a good option to consider."
q19,organic raw honey with honeycomb included,"Stakich RAW HONEY - 100% Pure, Unprocessed, Unheated, KOSHER","YS Organic Bee Farms CERTIFIED ORGANIC RAW HONEY 100% CERTIFIED ORGANIC HONEY Raw, Unprocessed, Unpasteurized - Kosher 32oz (Pack of 3)",Y.S. Eco Bee Farms Raw Honey - 22 oz,"Based on the provided reviews, none of the products explicitly mention that they include honeycomb. Therefore, I couldn't find a specific product that meets your request for organic raw honey with honeycomb included. The reviews only discuss the quality, taste, and texture of the honey itself."
q20,sustainable and fair trade medium roast coffee,Green Mountain Coffee Fair Trade for Keurig Brewers - Colombian Select,"The Organic Coffee Co., Breakfast Blend, 12 OneCup Single Serve Cups",Starbucks Breakfast Blend K-Cup for Keurig Brewers,"Based on the reviews, I would recommend ""The Organic Coffee Co., Breakfast Blend"" for a sustainable and fair trade medium roast coffee. According to Document 2, this product is described as a medium roast coffee and the reviewer mentions it's a fully biodegradable/recyclable alternative, which aligns with the user's request for sustainability. However, please note that the review does not explicitly mention ""fair trade"", so I couldn't confirm that aspect. If fair trade is a top priority, ""Green Mountain Coffee Fair Trade"" (Document 1) might be a better option, but it comes in non-biodegradable k-cups."
